NAME,MS_FB_PARE,MS_FB,WIKIDATA,CODE
Eleme/Tai/Oyigbo,country:ng/state:ri,country:ng/state:ri/federal-constituency:322,Q59681489,FC/322/RV
Binji/Silame,country:ng/state:so,country:ng/state:so/federal-constituency:334,Q59681507,FC/334/SO
Dange Shuni/Bodinga/Tureta,country:ng/state:so,country:ng/state:so/federal-constituency:337,Q59681511,FC/337/SO
Goronyo/Gada,country:ng/state:so,country:ng/state:so/federal-constituency:330,Q59681502,FC/330/SO
Tangaza/Gudu,country:ng/state:so,country:ng/state:so/federal-constituency:333,Q59681506,FC/333/SO
Illela/Gwadabawa,country:ng/state:so,country:ng/state:so/federal-constituency:332,Q59681505,FC/332/SO
Isa/Sabon Birni,country:ng/state:so,country:ng/state:so/federal-constituency:329,Q59681501,FC/329/SO
Kebbe/Tambuwal,country:ng/state:so,country:ng/state:so/federal-constituency:339,Q59681514,FC/339/SO
Damboa/Gwoza/Chibok,country:ng/state:bo,country:ng/state:bo/federal-constituency:070,Q59681043,FC/070/BO
Askiraâ€“Uba/Hawul,country:ng/state:bo,country:ng/state:bo/federal-constituency:066,Q59681039,FC/066/BO
Jere,country:ng/state:bo,country:ng/state:bo/federal-constituency:075,Q59681054,FC/075/BO
Kaga/Gubio/Magumeri,country:ng/state:bo,country:ng/state:bo/federal-constituency:071,Q59681044,FC/071/BO
Bama/Ngala/Kalabalge,country:ng/state:bo,country:ng/state:bo/federal-constituency:067,Q59681040,FC/067/BO
Dikwa/Mafa/Konduga,country:ng/state:bo,country:ng/state:bo/federal-constituency:069,Q59681042,FC/069/BO
Kukawa/Mobbar/Abadam/Guzamala,country:ng/state:bo,country:ng/state:bo/federal-constituency:073,Q59681052,FC/073/BO
Biu/Shani/Kwayakusar/ Bayo,country:ng/state:bo,country:ng/state:bo/federal-constituency:068,Q59681041,FC/068/BO
Maiduguri Metro. Council,country:ng/state:bo,country:ng/state:bo/federal-constituency:074,Q59681053,FC/074/BO
Esan N-East/Esan S-East,country:ng/state:ed,country:ng/state:ed/federal-constituency:102,Q59681097,FC/102/ED
Ibadan N. East/Ibadan S.East,country:ng/state:oy,country:ng/state:oy/federal-constituency:305,Q59681463,FC/305/OY
Esan Central/Esan West/Igueben,country:ng/state:ed,country:ng/state:ed/federal-constituency:101,Q59681096,FC/101/ED
Etsako East/Etsako West/Central,country:ng/state:ed,country:ng/state:ed/federal-constituency:103,Q59681098,FC/103/ED
Egor/Ikpoba Okha,country:ng/state:ed,country:ng/state:ed/federal-constituency:104,Q59681099,FC/104/ED
Oredo,country:ng/state:ed,country:ng/state:ed/federal-constituency:105,Q59681100,FC/105/ED
Orhionmwon/Uhunmwode,country:ng/state:ed,country:ng/state:ed/federal-constituency:049,Q59681101,FC/049/BA
Aba North/Aba South,country:ng/state:ab,country:ng/state:ab/federal-constituency:001,Q59680913,FC/001/AB
Arochukwu/Ohafia,country:ng/state:ab,country:ng/state:ab/federal-constituency:002,Q59680914,FC/002/AB
Bende,country:ng/state:ab,country:ng/state:ab/federal-constituency:003,Q59680915,FC/003/AB
Umuahia North/ South/Ikwuano,country:ng/state:ab,country:ng/state:ab/federal-constituency:007,Q59680920,FC/007/AB
Isiala Ngwa North /Isiala Ngwa South,country:ng/state:ab,country:ng/state:ab/federal-constituency:004,Q59680916,FC/004/AB
Aniocha North/South/Oshimili North /South,country:ng/state:de,country:ng/state:de/federal-constituency:084,Q59681069,FC/084/DT
Isuikwuato/Umunneochi,country:ng/state:ab,country:ng/state:ab/federal-constituency:005,Q59680917,FC/005/AB
Obingwa/Ugwunagbo/Osisioma,country:ng/state:ab,country:ng/state:ab/federal-constituency:006,Q59680919,FC/006/AB
Ukwa East/West,country:ng/state:ab,country:ng/state:ab/federal-constituency:008,Q59680921,FC/008/AB
Demsa/Numan/Lamurde,country:ng/state:ad,country:ng/state:ad/federal-constituency:009,Q59680922,FC/009/AD
Fufore/Song,country:ng/state:ad,country:ng/state:ad/federal-constituency:010,Q59680934,FC/010/AD
Mayo-Belwa /Ganye/Jada/ Toungo,country:ng/state:ad,country:ng/state:ad/federal-constituency:011,Q59680935,FC/011/AD
Yola North/Yola South/Girei,country:ng/state:ad,country:ng/state:ad/federal-constituency:016,Q59680943,FC/016/AD
Gombi/Hong,country:ng/state:ad,country:ng/state:ad/federal-constituency:012,Q59680936,FC/012/AD
Shelleng/Guyuk,country:ng/state:ad,country:ng/state:ad/federal-constituency:013,Q59680938,FC/013/AD
Madagali/Michika,country:ng/state:ad,country:ng/state:ad/federal-constituency:014,Q59680939,FC/014/AD
Maiha/Mubi North/Mubi South,country:ng/state:ad,country:ng/state:ad/federal-constituency:015,Q59680940,FC/015/AD
Abak/Etim Ekpo/Ika,country:ng/state:ak,country:ng/state:ak/federal-constituency:017,Q59680974,FC/017/AK
Ikot Abasi/ Mkpat Enin/ Eastern Obolo,country:ng/state:ak,country:ng/state:ak/federal-constituency:021,Q59680979,FC/021/AK
Eket/Onna/Esit Eket/Ibeno,country:ng/state:ak,country:ng/state:ak/federal-constituency:018,Q59680976,FC/018/AK
Ikot Ekpene/ Essien Udim/ Obot Akara,country:ng/state:ak,country:ng/state:ak/federal-constituency:022,Q59680981,FC/022/AK
Etinan/Nsit Ibom/Nsit Ubium,country:ng/state:ak,country:ng/state:ak/federal-constituency:019,Q59680977,FC/019/AK
Uyo/Uruan/Nsit Atai/ Ibesikpo Asutan,country:ng/state:ak,country:ng/state:ak/federal-constituency:026,Q59680992,FC/026/AK
Itu/Ibiono Ibom,country:ng/state:ak,country:ng/state:ak/federal-constituency:023,Q59680982,FC/023/AK
Ikono/Ini,country:ng/state:ak,country:ng/state:ak/federal-constituency:020,Q59680978,FC/020/AK
Oron/Mbo/Okobo/Udu ng Uko/Urue Offong Oruko,country:ng/state:ak,country:ng/state:ak/federal-constituency:024,Q59680983,FC/024/AK
Ukanafun/ Oruk Anam,country:ng/state:ak,country:ng/state:ak/federal-constituency:025,Q59680985,FC/025/AK
Aguata,country:ng/state:an,country:ng/state:an/federal-constituency:030,Q59680959,FC/030/AN
Anambra East/West,country:ng/state:an,country:ng/state:an/federal-constituency:027,Q59680945,FC/027/AN
Ibadan S. West/Ibadan North West,country:ng/state:oy,country:ng/state:oy/federal-constituency:306,Q59681464,FC/306/OY
Njikoka/Dunukofia/A naocha,country:ng/state:an,country:ng/state:an/federal-constituency:033,Q59680963,FC/033/AN
Awka North/South,country:ng/state:an,country:ng/state:an/federal-constituency:032,Q59680961,FC/032/AN
Oyi/Ayamelum,country:ng/state:an,country:ng/state:an/federal-constituency:031,Q59680960,FC/031/AN
Nnewi North/South /Ekwusigo,country:ng/state:an,country:ng/state:an/federal-constituency:036,Q59680966,FC/036/AN
Idemili North/ South,country:ng/state:an,country:ng/state:an/federal-constituency:034,Q59680964,FC/034/AN
Ihiala,country:ng/state:an,country:ng/state:an/federal-constituency:035,Q59680965,FC/035/AN
Ogbaru,country:ng/state:an,country:ng/state:an/federal-constituency:029,Q59680955,FC/029/AN
Onitsha North/South,country:ng/state:an,country:ng/state:an/federal-constituency:028,Q59680946,FC/028/AN
Orumba North/ South,country:ng/state:an,country:ng/state:an/federal-constituency:037,Q59680969,FC/037/AN
Alkaleri/Kirfi,country:ng/state:ba,country:ng/state:ba/federal-constituency:038,Q59680994,FC/038/BA
Bauchi,country:ng/state:ba,country:ng/state:ba/federal-constituency:039,Q59680995,FC/039/BA
Bogoro/Dass/T-Balewa,country:ng/state:ba,country:ng/state:ba/federal-constituency:040,Q59680996,FC/040/BA
Misau/Danbam,country:ng/state:ba,country:ng/state:ba/federal-constituency:044,Q59681001,FC/044/BA
Darazo/Ganjuwa,country:ng/state:ba,country:ng/state:ba/federal-constituency:043,Q59681000,FC/043/BA
Gamawa,country:ng/state:ba,country:ng/state:ba/federal-constituency:046,Q59681008,FC/046/BA
Shira/Giade,country:ng/state:ba,country:ng/state:ba/federal-constituency:048,Q59681010,FC/048/BA
Jama'are/Itas Gadau,country:ng/state:ba,country:ng/state:ba/federal-constituency:047,Q59681009,FC/047/BA
Katagum,country:ng/state:ba,country:ng/state:ba/federal-constituency:049,Q59681011,FC/049/BA
Ningi/Warji,country:ng/state:ba,country:ng/state:ba/federal-constituency:042,Q59680999,FC/042/BA
Toro,country:ng/state:ba,country:ng/state:ba/federal-constituency:041,Q59680997,FC/041/BA
Zaki,country:ng/state:ba,country:ng/state:ba/federal-constituency:045,Q59681002,FC/045/BA
Brass/Nembe,country:ng/state:by,country:ng/state:by/federal-constituency:050,Q59681012,FC/050/BY
Sagbama/Ekeremor,country:ng/state:by,country:ng/state:by/federal-constituency:052,Q59681015,FC/052/BY
Kolokuma/Opokuma/Yenagoa,country:ng/state:by,country:ng/state:by/federal-constituency:054,Q59681017,FC/054/BY
Ogbia,country:ng/state:by,country:ng/state:by/federal-constituency:051,Q59681013,FC/051/BY
Southern Ijaw,country:ng/state:by,country:ng/state:by/federal-constituency:053,Q59681016,FC/053/BY
Ado/Obadigbo/Okpokwu,country:ng/state:be,country:ng/state:be/federal-constituency:055,Q59681023,FC/055/BN
Apa/Agatu,country:ng/state:be,country:ng/state:be/federal-constituency:056,Q59681026,FC/056/BN
Apapa,country:ng/state:la,country:ng/state:la/federal-constituency:235,Q59681329,FC/235/LA
Buruku,country:ng/state:be,country:ng/state:be/federal-constituency:057,Q59681027,FC/057/BN
Gboko/Tarka,country:ng/state:be,country:ng/state:be/federal-constituency:058,Q59681028,FC/058/BN
Guma/Makurdi,country:ng/state:be,country:ng/state:be/federal-constituency:059,Q59681029,FC/059/BN
Gwer-East/Gwer-West,country:ng/state:be,country:ng/state:be/federal-constituency:060,Q59681030,FC/060/BN
Katsina-Ala/Ukum/Logo,country:ng/state:be,country:ng/state:be/federal-constituency:061,Q59681031,FC/061/BN
Konshisha/Vandeikya,country:ng/state:be,country:ng/state:be/federal-constituency:062,Q59681032,FC/062/BN
Kwande/Ushongo,country:ng/state:be,country:ng/state:be/federal-constituency:063,Q59681033,FC/063/BN
Lafia/Obi,country:ng/state:na,country:ng/state:na/federal-constituency:255,Q59681367,FC/255/NW
Otukpo/Ohimini,country:ng/state:be,country:ng/state:be/federal-constituency:065,Q59681038,FC/065/BN
Oju/Obi,country:ng/state:be,country:ng/state:be/federal-constituency:064,Q59681037,FC/064/BN
Monguno/Ngazai/Marte,country:ng/state:bo,country:ng/state:bo/federal-constituency:072,Q59681046,FC/072/BO
Yakurr/Abi,country:ng/state:cr,country:ng/state:cr/federal-constituency:076,Q59681055,FC/076/CR
Akamkpa/Biase,country:ng/state:cr,country:ng/state:cr/federal-constituency:077,Q59681056,FC/077/CR
Calabar South/Akpabuyo/Bakassi,country:ng/state:cr,country:ng/state:cr/federal-constituency:079,Q59681058,FC/079/CR
Obanliku/Obudu/Bekwarra,country:ng/state:cr,country:ng/state:cr/federal-constituency:081,Q59681060,FC/081/CR
Boki/Ikom,country:ng/state:cr,country:ng/state:cr/federal-constituency:078,Q59681057,FC/078/CR
Calabar Municipality/Odukpani,country:ng/state:cr,country:ng/state:cr/federal-constituency:080,Q59681059,FC/080/CR
Obubra/Etung,country:ng/state:cr,country:ng/state:cr/federal-constituency:082,Q59681067,FC/082/CR
Ogoja/Yala,country:ng/state:cr,country:ng/state:cr/federal-constituency:083,Q59681068,FC/083/CR
Bomadi/Patani,country:ng/state:de,country:ng/state:de/federal-constituency:085,Q59681070,FC/085/DT
Burutu,country:ng/state:de,country:ng/state:de/federal-constituency:091,Q59681080,FC/091/DT
Ethiope East/Ethiope West,country:ng/state:de,country:ng/state:de/federal-constituency:086,Q59681071,FC/086/DT
Ika North East/Ika South,country:ng/state:de,country:ng/state:de/federal-constituency:087,Q59681073,FC/087/DT
Isoko North/Isoko South,country:ng/state:de,country:ng/state:de/federal-constituency:088,Q59681074,FC/088/DT
Ndokwa East/Ndokwa West/Ukwuani,country:ng/state:de,country:ng/state:de/federal-constituency:089,Q59681075,FC/089/DT
Okpe/Sapele/Uvwie,country:ng/state:de,country:ng/state:de/federal-constituency:090,Q59681076,FC/090/DT
Ughelli North/Ughelli South/Udu,country:ng/state:de,country:ng/state:de/federal-constituency:092,Q59681081,FC/092/DT
Warri North/Warri South/Warri South West,country:ng/state:de,country:ng/state:de/federal-constituency:093,Q59681082,FC/093/DT
Abakaliki / Izzi,country:ng/state:eb,country:ng/state:eb/federal-constituency:095,Q59681084,FC/095/EB
Afikpo North /Afikpo South,country:ng/state:eb,country:ng/state:eb/federal-constituency:099,Q59681091,FC/099/EB
Ebonyi / Ohaukwu,country:ng/state:eb,country:ng/state:eb/federal-constituency:094,Q59681083,FC/094/EB
Ezza North / Ishielu,country:ng/state:eb,country:ng/state:eb/federal-constituency:096,Q59681087,FC/096/EB
Ezza South / Ikwo,country:ng/state:eb,country:ng/state:eb/federal-constituency:097,Q59681088,FC/097/EB
Ivo/Ohaozara /Onicha,country:ng/state:eb,country:ng/state:eb/federal-constituency:098,Q59681089,FC/098/EB
Akoko Edo,country:ng/state:ed,country:ng/state:ed/federal-constituency:100,Q59681094,FC/100/ED
Ovia N-East/Ovia S-West,country:ng/state:ed,country:ng/state:ed/federal-constituency:107,Q59681102,FC/107/ED
Owan East/Owan West,country:ng/state:ed,country:ng/state:ed/federal-constituency:108,Q59681103,FC/108/ED
Ado Ekiti/Irepodun/Ifelodun,country:ng/state:ek,country:ng/state:ek/federal-constituency:109,Q59681106,FC/109/EK
Ijero/Ekiti West/Efon,country:ng/state:ek,country:ng/state:ek/federal-constituency:113,Q59681113,FC/113/EK
Emure/Gbonyin/Ekiti East,country:ng/state:ek,country:ng/state:ek/federal-constituency:111,Q59681109,FC/111/EK
Ekiti South West/Ikere/Ise/ Orun,country:ng/state:ek,country:ng/state:ek/federal-constituency:110,Q59681107,FC/110/EK
Ido/Osi/Moba/Ilejemeje,country:ng/state:ek,country:ng/state:ek/federal-constituency:112,Q59681110,FC/112/EK
Ikole/Oye,country:ng/state:ek,country:ng/state:ek/federal-constituency:114,Q59681114,FC/114/EK
Aninri/Awgu/Oji River,country:ng/state:en,country:ng/state:en/federal-constituency:115,Q59681115,FC/115/EN
Enugu East/Isi-Uzo,country:ng/state:en,country:ng/state:en/federal-constituency:116,Q59681116,FC/116/EN
Enugu North/Enugu South,country:ng/state:en,country:ng/state:en/federal-constituency:117,Q59681117,FC/117/EN
Ezeagu/ Udi,country:ng/state:en,country:ng/state:en/federal-constituency:118,Q59681121,FC/118/EN
Igbo Etiti/Uzo-Uwani,country:ng/state:en,country:ng/state:en/federal-constituency:119,Q59681122,FC/119/EN
Igbo-Eze North/Udenu,country:ng/state:en,country:ng/state:en/federal-constituency:120,Q59681125,FC/120/EN
Nsukka/Igbo-Eze South,country:ng/state:en,country:ng/state:en/federal-constituency:122,Q59681129,FC/122/EN
Nkanu East /NKanu West,country:ng/state:en,country:ng/state:en/federal-constituency:121,Q59681128,FC/121/EN
Abaji/Kwali/Gwagwalada/Kuje,country:ng/capital-territory:fc,country:ng/capital-territory:fc/federal-constituency:359,Q59681548,FC/359/FCT
AMAC/Bwari,country:ng/capital-territory:fc,country:ng/capital-territory:fc/federal-constituency:360,Q59681549,FC/360/FCT
Akko,country:ng/state:go,country:ng/state:go/federal-constituency:123,Q59681130,FC/123/GM
Balanga/Billiri,country:ng/state:go,country:ng/state:go/federal-constituency:125,Q59681132,FC/125/GM
Dukku/Nafada,country:ng/state:go,country:ng/state:go/federal-constituency:128,Q59681139,FC/128/GM
Gombe/Kwami/Funakaye,country:ng/state:go,country:ng/state:go/federal-constituency:127,Q59681138,FC/127/GM
Kaltungo/Shongom,country:ng/state:go,country:ng/state:go/federal-constituency:126,Q59681133,FC/126/GM
Yamaltu/Deba,country:ng/state:go,country:ng/state:go/federal-constituency:124,Q59681131,FC/124/GM
Aboh Mbaise/Ngor Okpala,country:ng/state:im,country:ng/state:im/federal-constituency:135,Q59681148,FC/135/IM
Ahiazu Mbaise/Ezinihitte,country:ng/state:im,country:ng/state:im/federal-constituency:136,Q59681152,FC/136/IM
Ehime Mbano/Ihitte Uboma/Obowo,country:ng/state:im,country:ng/state:im/federal-constituency:129,Q59681141,FC/129/IM
Ideato North/Ideato South,country:ng/state:im,country:ng/state:im/federal-constituency:131,Q59681144,FC/131/IM
Ikeduru/Mbaitoli,country:ng/state:im,country:ng/state:im/federal-constituency:137,Q59681154,FC/137/IM
Isiala Mbano/Okigwe/Onuimo,country:ng/state:im,country:ng/state:im/federal-constituency:130,Q59681143,FC/130/IM
Isu/Njaba/ Nkwerre/Nwangele,country:ng/state:im,country:ng/state:im/federal-constituency:132,Q59681145,FC/132/IM
Oguta/Ohaji-Egbema/Oru West,country:ng/state:im,country:ng/state:im/federal-constituency:133,Q59681146,FC/133/IM
Oru East/Orsu/Orlu,country:ng/state:im,country:ng/state:im/federal-constituency:134,Q59681147,FC/134/IM
Owerri Mun./Owerri North/Owerri West,country:ng/state:im,country:ng/state:im/federal-constituency:138,Q59681155,FC/138/IM
Hadejia/Kafin-Hausa/Auyo,country:ng/state:ji,country:ng/state:ji/federal-constituency:145,Q59681169,FC/145/JG
Babura/Garki,country:ng/state:ji,country:ng/state:ji/federal-constituency:139,Q59681157,FC/139/JG
Birniwa/Guri/KiriKasamma,country:ng/state:ji,country:ng/state:ji/federal-constituency:141,Q59681160,FC/141/JG
Birnin-Kudu/Buji,country:ng/state:ji,country:ng/state:ji/federal-constituency:140,Q59681158,FC/140/JG
Dutse/Kiyawa,country:ng/state:ji,country:ng/state:ji/federal-constituency:142,Q59681161,FC/142/JG
Gumel/Maigatari/Sule-Tan-karkar/Gagarawa,country:ng/state:ji,country:ng/state:ji/federal-constituency:144,Q59681165,FC/144/JG
Gwaram,country:ng/state:ji,country:ng/state:ji/federal-constituency:143,Q59681163,FC/143/JG
Kazaure/Roni/ Gwiwa/Yankwashi,country:ng/state:ji,country:ng/state:ji/federal-constituency:148,Q59681174,FC/148/JG
Jahun/Miga,country:ng/state:ji,country:ng/state:ji/federal-constituency:146,Q59681170,FC/146/JG
Mallam-Madori/Kaugama,country:ng/state:ji,country:ng/state:ji/federal-constituency:147,Q59681171,FC/147/JG
Ringim/Taura,country:ng/state:ji,country:ng/state:ji/federal-constituency:149,Q59681175,FC/149/JG
Birnin Gwari/Giwa,country:ng/state:kd,country:ng/state:kd/federal-constituency:160,Q59681191,FC/160/KD
Chikun/Kajuru,country:ng/state:kd,country:ng/state:kd/federal-constituency:158,Q59681189,FC/158/KD
Igabi,country:ng/state:kd,country:ng/state:kd/federal-constituency:153,Q59681179,FC/153/KD
Ikara/Kubau,country:ng/state:kd,country:ng/state:kd/federal-constituency:154,Q59681183,FC/154/KD
Zangon Kataf/Jaba,country:ng/state:kd,country:ng/state:kd/federal-constituency:165,Q59681202,FC/165/KD
Jema'a/Sanga,country:ng/state:kd,country:ng/state:kd/federal-constituency:159,Q59681190,FC/159/KD
Kachia/Kagarko,country:ng/state:kd,country:ng/state:kd/federal-constituency:157,Q59681188,FC/157/KD
Kaduna North,country:ng/state:kd,country:ng/state:kd/federal-constituency:150,Q59681176,FC/150/KD
Kaduna South,country:ng/state:kd,country:ng/state:kd/federal-constituency:162,Q59681194,FC/162/KD
Kaura,country:ng/state:kd,country:ng/state:kd/federal-constituency:163,Q59681199,FC/163/KD
Kauru,country:ng/state:kd,country:ng/state:kd/federal-constituency:164,Q59681200,FC/164/KD
Makarfi/Kudan,country:ng/state:kd,country:ng/state:kd/federal-constituency:155,Q59681184,FC/155/KD
Lere,country:ng/state:kd,country:ng/state:kd/federal-constituency:156,Q59681186,FC/156/KD
Sabon Gari,country:ng/state:kd,country:ng/state:kd/federal-constituency:161,Q59681192,FC/161/KD
Soba,country:ng/state:kd,country:ng/state:kd/federal-constituency:152,Q59681178,FC/152/KD
Zaria,country:ng/state:kd,country:ng/state:kd/federal-constituency:151,Q59681177,FC/151/KD
Albasu/Gaya/ Ajingi,country:ng/state:kn,country:ng/state:kn/federal-constituency:166,Q59681204,FC/166/KN
Shanono/Bagwai,country:ng/state:kn,country:ng/state:kn/federal-constituency:167,Q59681205,FC/167/KN
Bebeji/Kiru,country:ng/state:kn,country:ng/state:kn/federal-constituency:168,Q59681206,FC/168/KN
Bichi,country:ng/state:kn,country:ng/state:kn/federal-constituency:169,Q59681207,FC/169/KN
Rano/Bunkure/Kibiya,country:ng/state:kn,country:ng/state:kn/federal-constituency:170,Q59681209,FC/170/KN
Dala,country:ng/state:kn,country:ng/state:kn/federal-constituency:118,Q59681211,FC/118/EN
Dambatta/Makoda,country:ng/state:kn,country:ng/state:kn/federal-constituency:173,Q59681215,FC/173/KN
Dawakin Kudu/ Warawa,country:ng/state:kn,country:ng/state:kn/federal-constituency:174,Q59681216,FC/174/KN
Dawakin Tofa/Tofa/Rimin Gado,country:ng/state:kn,country:ng/state:kn/federal-constituency:175,Q59681217,FC/175/KN
Doguwa/ Tudun Wada,country:ng/state:kn,country:ng/state:kn/federal-constituency:176,Q59681218,FC/176/KN
Fagge,country:ng/state:kn,country:ng/state:kn/federal-constituency:185,Q59681236,FC/185/KN
Gezawa/ Gabasawa,country:ng/state:kn,country:ng/state:kn/federal-constituency:177,Q59681220,FC/177/KN
Wudil/Garko,country:ng/state:kn,country:ng/state:kn/federal-constituency:189,Q59681240,FC/189/KN
Kura/Madobi/G. Mallam,country:ng/state:kn,country:ng/state:kn/federal-constituency:183,Q59681232,FC/183/KN
Gwale,country:ng/state:kn,country:ng/state:kn/federal-constituency:172,Q59681214,FC/172/KN
Gwarzo/Ikabo,country:ng/state:kn,country:ng/state:kn/federal-constituency:178,Q59681221,FC/178/KN
Daura/Sandamu/Maiadua,country:ng/state:kt,country:ng/state:kt/federal-constituency:194,Q59681251,FC/194/KT
Mashi/Dutsi,country:ng/state:kt,country:ng/state:kt/federal-constituency:202,Q59681263,FC/202/KT
Dutsinma/Kurfi,country:ng/state:kt,country:ng/state:kt/federal-constituency:195,Q59681252,FC/195/KT
Faskari/Kankara/Sabuwa,country:ng/state:kt,country:ng/state:kt/federal-constituency:196,Q59681253,FC/196/KT
Funtua/Dandume,country:ng/state:kt,country:ng/state:kt/federal-constituency:197,Q59681254,FC/197/KT
Ingawa/Kankia/Kusada,country:ng/state:kt,country:ng/state:kt/federal-constituency:198,Q59681255,FC/198/KT
Jibia/Kaita,country:ng/state:kt,country:ng/state:kt/federal-constituency:199,Q59681257,FC/199/KT
Malumfashi/Kafur,country:ng/state:kt,country:ng/state:kt/federal-constituency:200,Q59681259,FC/200/KT
Municipal,country:ng/state:kn,country:ng/state:kn/federal-constituency:179,Q59681222,FC/179/KN
Karaye/Rogo,country:ng/state:kn,country:ng/state:kn/federal-constituency:181,Q59681229,FC/181/KN
Kumbotso,country:ng/state:kn,country:ng/state:kn/federal-constituency:182,Q59681230,FC/182/KN
Tsanyawa/ Kunchi,country:ng/state:kn,country:ng/state:kn/federal-constituency:188,Q59681239,FC/188/KN
Minjibir/Ungogo,country:ng/state:kn,country:ng/state:kn/federal-constituency:187,Q59681238,FC/187/KN
Sumaila/Takai,country:ng/state:kn,country:ng/state:kn/federal-constituency:186,Q59681237,FC/186/KN
Tarauni,country:ng/state:kn,country:ng/state:kn/federal-constituency:180,Q59681223,FC/180/KN
Bakori/Danja,country:ng/state:kt,country:ng/state:kt/federal-constituency:190,Q59681244,FC/190/KT
Batagarawa/Charanchi/Rimi,country:ng/state:kt,country:ng/state:kt/federal-constituency:191,Q59681246,FC/191/KT
Batsari/Safana/Danmusa,country:ng/state:kt,country:ng/state:kt/federal-constituency:192,Q59681248,FC/192/KT
Zango/Baure,country:ng/state:kt,country:ng/state:kt/federal-constituency:204,Q59681265,FC/204/KT
Bindawa/Mani,country:ng/state:kt,country:ng/state:kt/federal-constituency:193,Q59681250,FC/193/KT
Katsina,country:ng/state:kt,country:ng/state:kt/federal-constituency:201,Q59681261,FC/201/KT
Matazu/Musawa,country:ng/state:kt,country:ng/state:kt/federal-constituency:203,Q59681264,FC/203/KT
Aleiro/Gwandu/Jega,country:ng/state:ke,country:ng/state:ke/federal-constituency:209,Q59681277,FC/209/KB
Arewa/Dandi,country:ng/state:ke,country:ng/state:ke/federal-constituency:205,Q59681266,FC/205/KB
Argungu/Augie,country:ng/state:ke,country:ng/state:ke/federal-constituency:206,Q59681267,FC/206/KB
Bagudo/Suru,country:ng/state:ke,country:ng/state:ke/federal-constituency:207,Q59681268,FC/207/KB
Bunza-Birnin/Kebbi-Kalgo,country:ng/state:ke,country:ng/state:ke/federal-constituency:208,Q59681276,FC/208/KB
Fakai/Sakaba/Wasagu/D anko/Zuru,country:ng/state:ke,country:ng/state:ke/federal-constituency:211,Q59681281,FC/211/KB
Koko/Besse/Maiyama,country:ng/state:ke,country:ng/state:ke/federal-constituency:210,Q59681280,FC/210/KB
Ngaski/Shanga/Yauri,country:ng/state:ke,country:ng/state:ke/federal-constituency:212,Q59681282,FC/212/KB
Adavi/Okehi,country:ng/state:ko,country:ng/state:ko/federal-constituency:213,Q59681283,FC/213/KG
Ajaokuta,country:ng/state:ko,country:ng/state:ko/federal-constituency:218,Q59681295,FC/218/KG
Ankpa/Omala/Olamaboro,country:ng/state:ko,country:ng/state:ko/federal-constituency:214,Q59681285,FC/214/KG
Jos North/Bassa,country:ng/state:pl,country:ng/state:pl/federal-constituency:308,Q59681467,FC/308/PL
Bassa/Dekina,country:ng/state:ko,country:ng/state:ko/federal-constituency:215,Q59681286,FC/215/KG
Idah/Igalamela-Odolu/Ibaji/Ofu,country:ng/state:ko,country:ng/state:ko/federal-constituency:216,Q59681287,FC/216/KG
Ijumu/Kabba-Bunu,country:ng/state:ko,country:ng/state:ko/federal-constituency:217,Q59681294,FC/217/KG
Lokoja/Kogi,country:ng/state:ko,country:ng/state:ko/federal-constituency:219,Q59681296,FC/219/KG
YagbaEast/ Yagba West/Mopamuro,country:ng/state:ko,country:ng/state:ko/federal-constituency:221,Q59681299,FC/221/KG
Okene/Ogori-Magongo,country:ng/state:ko,country:ng/state:ko/federal-constituency:220,Q59681298,FC/220/KG
Ilorin West/Asa,country:ng/state:kw,country:ng/state:kw/federal-constituency:124,Q59681311,FC/124/GM
Baruten/Kaiama,country:ng/state:kw,country:ng/state:kw/federal-constituency:222,Q59681300,FC/222/KW
Edu/Moro/Patigi,country:ng/state:kw,country:ng/state:kw/federal-constituency:223,Q59681301,FC/223/KW
Ekiti/Isin/Irepodun/Oke-Ero,country:ng/state:kw,country:ng/state:kw/federal-constituency:224,Q59681302,FC/224/KW
Odo-Otin/ Ifelodun/Boripe,country:ng/state:os,country:ng/state:os/federal-constituency:286,Q59681429,FC/286/OS
Ilorin East/Ilorin South,country:ng/state:kw,country:ng/state:kw/federal-constituency:225,Q59681303,FC/225/KW
Irepodun/Olorunda/Orolu /Osogbo,country:ng/state:os,country:ng/state:os/federal-constituency:285,Q59681427,FC/285/OS
Ifelodun/Offa/Oyun,country:ng/state:kw,country:ng/state:kw/federal-constituency:227,Q59681312,FC/227/KW
Agege,country:ng/state:la,country:ng/state:la/federal-constituency:228,Q59681313,FC/228/LA
Ajeromi Ifelodun,country:ng/state:la,country:ng/state:la/federal-constituency:245,Q59681351,FC/245/LA
Alimosho,country:ng/state:la,country:ng/state:la/federal-constituency:230,Q59681317,FC/230/LA
Amuwo Odofin,country:ng/state:la,country:ng/state:la/federal-constituency:244,Q59681350,FC/244/LA
Badagry,country:ng/state:la,country:ng/state:la/federal-constituency:231,Q59681319,FC/231/LA
Epe,country:ng/state:la,country:ng/state:la/federal-constituency:232,Q59681321,FC/232/LA
Eti - Osa,country:ng/state:la,country:ng/state:la/federal-constituency:234,Q59681323,FC/234/LA
Ibeju - Lekki,country:ng/state:la,country:ng/state:la/federal-constituency:233,Q59681322,FC/233/LA
Ifako Ijaiye,country:ng/state:la,country:ng/state:la/federal-constituency:229,Q59681315,FC/229/LA
Ikeja,country:ng/state:la,country:ng/state:la/federal-constituency:236,Q59681330,FC/236/LA
Ikorodu,country:ng/state:la,country:ng/state:la/federal-constituency:237,Q59681332,FC/237/LA
Kosofe,country:ng/state:la,country:ng/state:la/federal-constituency:249,Q59681355,FC/249/LA
Lagos Mainland,country:ng/state:la,country:ng/state:la/federal-constituency:240,Q59681339,FC/240/LA
Ojo,country:ng/state:la,country:ng/state:la/federal-constituency:243,Q59681344,FC/243/LA
Somolu,country:ng/state:la,country:ng/state:la/federal-constituency:248,Q59681354,FC/248/LA
Akwanga/Nasarawa Eggon/Wamba,country:ng/state:na,country:ng/state:na/federal-constituency:252,Q59681359,FC/252/NW
Awe/Doma/Keana,country:ng/state:na,country:ng/state:na/federal-constituency:253,Q59681364,FC/253/NW
Keffi/Karu/Kokona,country:ng/state:na,country:ng/state:na/federal-constituency:254,Q59681365,FC/254/NW
Nasarawa/Toto,country:ng/state:na,country:ng/state:na/federal-constituency:256,Q59681369,FC/256/NW
Agaie / Lapai,country:ng/state:ni,country:ng/state:ni/federal-constituency:257,Q59681370,FC/257/NG
Borgu /Agwara,country:ng/state:ni,country:ng/state:ni/federal-constituency:258,Q59681372,FC/258/NG
Bida/Gbako/Katcha,country:ng/state:ni,country:ng/state:ni/federal-constituency:259,Q59681375,FC/259/NG
Bosso/Paikoro,country:ng/state:ni,country:ng/state:ni/federal-constituency:260,Q59681377,FC/260/NG
Chanchaga,country:ng/state:ni,country:ng/state:ni/federal-constituency:261,Q59681378,FC/261/NG
Lavun/Edati/Mokwa,country:ng/state:ni,country:ng/state:ni/federal-constituency:263,Q59681385,FC/263/NG
Suleja/Gurara/Tafa,country:ng/state:ni,country:ng/state:ni/federal-constituency:262,Q59681382,FC/262/NG
Kontagora/Mariga/Mashegu/Wushishi,country:ng/state:ni,country:ng/state:ni/federal-constituency:265,Q59681388,FC/265/NG
Rijau/Magama,country:ng/state:ni,country:ng/state:ni/federal-constituency:264,Q59681387,FC/264/NG
Shiroro/Rafi/Munya,country:ng/state:ni,country:ng/state:ni/federal-constituency:266,Q59681389,FC/266/NG
Abeokuita South,country:ng/state:og,country:ng/state:og/federal-constituency:268,Q59681390,FC/268/OG
Abeokuta North/Obafemi Owode/ Odeda,country:ng/state:og,country:ng/state:og/federal-constituency:267,Q4666754,FC/267/OG
Ado- Odo / Ota,country:ng/state:og,country:ng/state:og/federal-constituency:269,Q59681391,FC/269/OG
Egbado North /Imeko-Afon,country:ng/state:og,country:ng/state:og/federal-constituency:270,Q59681392,FC/270/OG
Egbado South / Ipokia,country:ng/state:og,country:ng/state:og/federal-constituency:271,Q59681393,FC/271/OG
Ifo / Ewekoro,country:ng/state:og,country:ng/state:og/federal-constituency:272,Q59681400,FC/272/OG
Ijebu Ode / Odogbolu Ijebu North East,country:ng/state:og,country:ng/state:og/federal-constituency:274,Q59681404,FC/274/OG
Ijebu North / Ijebu East /Ogun Waterside,country:ng/state:og,country:ng/state:og/federal-constituency:273,Q59681402,FC/273/OG
Ikenne /Remo North /Sagamu,country:ng/state:og,country:ng/state:og/federal-constituency:275,Q59681405,FC/275/OG
Akoko N. East/ Akoko N.West,country:ng/state:on,country:ng/state:on/federal-constituency:276,Q59681407,FC/276/OD
Akoko S. East/Akoko S.West,country:ng/state:on,country:ng/state:on/federal-constituency:277,Q59681409,FC/277/OD
Akure North/Akure South,country:ng/state:on,country:ng/state:on/federal-constituency:278,Q59681410,FC/278/OD
Eseodo/Ilaje,country:ng/state:on,country:ng/state:on/federal-constituency:282,Q59681420,FC/282/OD
Idanre/Ifedore,country:ng/state:on,country:ng/state:on/federal-constituency:129,Q59681411,FC/129/IM
Ileoluji/Okeigbo/Odigbo,country:ng/state:on,country:ng/state:on/federal-constituency:280,Q59681413,FC/280/OD
Irele/Okitipupa,country:ng/state:on,country:ng/state:on/federal-constituency:281,Q59681418,FC/281/OD
Ondo East/Ondo West,country:ng/state:on,country:ng/state:on/federal-constituency:283,Q59681422,FC/283/OD
Ose/Owo,country:ng/state:on,country:ng/state:on/federal-constituency:284,Q59681424,FC/284/OD
Atakunmosa East /Atakunmosa West/ Ilesa East/ Ilesa West,country:ng/state:os,country:ng/state:os/federal-constituency:288,Q59681431,FC/288/OS
Ayedaade/ Irewole/Isokan,country:ng/state:os,country:ng/state:os/federal-constituency:292,Q16891868,FC/292/OS
Ayedire/ Iwo/ Ola-Oluwa,country:ng/state:os,country:ng/state:os/federal-constituency:291,Q59681439,FC/291/OS
Boluwaduro/Ifedayo/Ila,country:ng/state:os,country:ng/state:os/federal-constituency:287,Q59681430,FC/287/OS
Ede North /Ede South / Egbedore /Ejigbo,country:ng/state:os,country:ng/state:os/federal-constituency:293,Q5336720,FC/293/OS
Ife Central/ Ife North/ Ife South/ Ife East,country:ng/state:os,country:ng/state:os/federal-constituency:290,Q59681438,FC/290/OS
Obokun/Oriade,country:ng/state:os,country:ng/state:os/federal-constituency:289,Q59681433,FC/289/OS
Afijio/Atiba/Oyo East/Oyo West,country:ng/state:oy,country:ng/state:oy/federal-constituency:294,Q59681441,FC/294/OY
Akinyele/Lagelu,country:ng/state:oy,country:ng/state:oy/federal-constituency:295,Q59681442,FC/295/OY
Saki East/Saki West/Atisbo,country:ng/state:oy,country:ng/state:oy/federal-constituency:299,Q59681450,FC/299/OY
Egbeda/Ona-Ara,country:ng/state:oy,country:ng/state:oy/federal-constituency:296,Q59681443,FC/296/OY
Ibadan North,country:ng/state:oy,country:ng/state:oy/federal-constituency:307,Q59681466,FC/307/OY
Ibarapa Central/Ibarapa North,country:ng/state:oy,country:ng/state:oy/federal-constituency:297,Q59681447,FC/297/OY
Ibarapa East/Ido,country:ng/state:oy,country:ng/state:oy/federal-constituency:298,Q59681449,FC/298/OY
Irepo/Olorunsogo/Oorelope,country:ng/state:oy,country:ng/state:oy/federal-constituency:300,Q59681453,FC/300/OY
Iseyin/Itesiwaju/Kajola/Iwajowa,country:ng/state:oy,country:ng/state:oy/federal-constituency:301,Q59681458,FC/301/OY
OgbomosoNorth/Ogbomoso,country:ng/state:oy,country:ng/state:oy/federal-constituency:302,Q59681459,FC/302/OY
Ogo-Oluwa/Surulere,country:ng/state:oy,country:ng/state:oy/federal-constituency:303,Q59681461,FC/303/OY
Oluyole,country:ng/state:oy,country:ng/state:oy/federal-constituency:304,Q59681462,FC/304/OY
B-Ladi/Riyom,country:ng/state:pl,country:ng/state:pl/federal-constituency:310,Q59681474,FC/310/PL
Bokkos/Mangu,country:ng/state:pl,country:ng/state:pl/federal-constituency:311,Q59681475,FC/311/PL
Jos East/Jos South,country:ng/state:pl,country:ng/state:pl/federal-constituency:309,Q59681468,FC/309/PL
Pankshin/Kanke/Kanam,country:ng/state:pl,country:ng/state:pl/federal-constituency:312,Q59681476,FC/312/PL
L/North/L/south,country:ng/state:pl,country:ng/state:pl/federal-constituency:314,Q59681478,FC/314/PL
Mikang/Qua'an/Pan/Shendam,country:ng/state:pl,country:ng/state:pl/federal-constituency:315,Q59681480,FC/315/PL
Wase,country:ng/state:pl,country:ng/state:pl/federal-constituency:313,Q59681477,FC/313/PL
Abua-Odual/Ahoada East,country:ng/state:ri,country:ng/state:ri/federal-constituency:316,Q59681481,FC/316/RV
Ahoada West/ Ogba/ Egbema/Ndoni,country:ng/state:ri,country:ng/state:ri/federal-constituency:317,Q59681482,FC/317/RV
Akuku Toru/Asari Toru,country:ng/state:ri,country:ng/state:ri/federal-constituency:319,Q59681486,FC/319/RV
Opobo/Nkoro/Andoni,country:ng/state:ri,country:ng/state:ri/federal-constituency:321,Q59681488,FC/321/RV
Degema/Bonny,country:ng/state:ri,country:ng/state:ri/federal-constituency:318,Q59681483,FC/318/RV
Ikwerre/Emohua,country:ng/state:ri,country:ng/state:ri/federal-constituency:324,Q59681491,FC/324/RV
Etche/Omuma,country:ng/state:ri,country:ng/state:ri/federal-constituency:325,Q59681492,FC/325/RV
Khana/Gokana,country:ng/state:ri,country:ng/state:ri/federal-constituency:323,Q59681490,FC/323/RV
Obio/Akpor,country:ng/state:ri,country:ng/state:ri/federal-constituency:326,Q59681493,FC/326/RV
Okrika/Ogu-Bolo,country:ng/state:ri,country:ng/state:ri/federal-constituency:320,Q59681487,FC/320/RV
Kware/Wamakko,country:ng/state:so,country:ng/state:so/federal-constituency:335,Q59681508,FC/335/SO
Wurno/Rabah,country:ng/state:so,country:ng/state:so/federal-constituency:331,Q59681503,FC/331/SO
Yabo/Shagari,country:ng/state:so,country:ng/state:so/federal-constituency:338,Q59681513,FC/338/SO
Sokoto North/Sokoto South,country:ng/state:so,country:ng/state:so/federal-constituency:336,Q59681509,FC/336/SO
Karim Lamido/Lau/Ardokola,country:ng/state:ta,country:ng/state:ta/federal-constituency:345,Q59681520,FC/345/TR
Bali/Gassol FC/340/TR,country:ng/state:ta,country:ng/state:ta/federal-constituency:340,Q59681515,FC/340/TR
Takum/Donga/Ussa,country:ng/state:ta,country:ng/state:ta/federal-constituency:341,Q59681516,FC/341/TR
Sardauna/Kurmi/Gash aka FC/342/TR,country:ng/state:ta,country:ng/state:ta/federal-constituency:342,Q59681517,FC/342/TR
Ibi/Wukari FC/343/TR,country:ng/state:ta,country:ng/state:ta/federal-constituency:343,Q59681518,FC/343/TR
Jalingo/Yorro/Zing,country:ng/state:ta,country:ng/state:ta/federal-constituency:344,Q59681519,FC/344/TR
Bade/Jakusko,country:ng/state:yo,country:ng/state:yo/federal-constituency:346,Q59681526,FC/346/YB
Bursari/Geidam/Yunusari,country:ng/state:yo,country:ng/state:yo/federal-constituency:347,Q59681528,FC/347/YB
Damauru/Tarmuwa/Gujb/ Gulani,country:ng/state:yo,country:ng/state:yo/federal-constituency:348,Q59681529,FC/348/YB
Fika/Fune,country:ng/state:yo,country:ng/state:yo/federal-constituency:349,Q59681530,FC/349/YB
Karasuwa/Machina/Nguru/Yusufari,country:ng/state:yo,country:ng/state:yo/federal-constituency:350,Q59681531,FC/350/YB
Nangere/Potiskum,country:ng/state:yo,country:ng/state:yo/federal-constituency:351,Q59681532,FC/351/YB
Anka / Talata-Mafara,country:ng/state:za,country:ng/state:za/federal-constituency:356,Q59681544,FC/356/ZF
Bakura / Maradun,country:ng/state:za,country:ng/state:za/federal-constituency:357,Q59681545,FC/357/ZF
Kaura-Namoda / Birnin Magaji,country:ng/state:za,country:ng/state:za/federal-constituency:352,Q59681533,FC/352/ZF
Gummi / Bukkuyum,country:ng/state:za,country:ng/state:za/federal-constituency:358,Q59681547,FC/358/ZF
Bungudu / Maru,country:ng/state:za,country:ng/state:za/federal-constituency:355,Q59681543,FC/355/ZF
Gusau/Tsafe,country:ng/state:za,country:ng/state:za/federal-constituency:354,Q59681535,FC/354/ZF
Shinkafi / Zurmi,country:ng/state:za,country:ng/state:za/federal-constituency:353,Q59681534,FC/353/ZF
Lagos Island I,country:ng/state:la,country:ng/state:la/federal-constituency:238,Q59681334,FC/238/LA
Surulere II,country:ng/state:la,country:ng/state:la/federal-constituency:251,Q59681358,FC/251/LA
Surulere I,country:ng/state:la,country:ng/state:la/federal-constituency:250,Q59681357,FC/250/LA
Oshodi Isolo I,country:ng/state:la,country:ng/state:la/federal-constituency:246,Q59681352,FC/246/LA
Oshodi Isolo II,country:ng/state:la,country:ng/state:la/federal-constituency:247,Q59681353,FC/247/LA
Mushin II,country:ng/state:la,country:ng/state:la/federal-constituency:242,Q59681342,FC/242/LA
Mushin I,country:ng/state:la,country:ng/state:la/federal-constituency:241,Q59681341,FC/241/LA
Lagos Island II,country:ng/state:la,country:ng/state:la/federal-constituency:239,Q59681336,FC/239/LA
Port-Harcourt I,country:ng/state:ri,country:ng/state:ri/federal-constituency:327,Q59681495,FC/327/RV
Port0Harcourt II,country:ng/state:ri,country:ng/state:ri/federal-constituency:328,Q59681500,FC/328/RV
Nassarawa,country:ng/state:kn,country:ng/state:kn/federal-constituency:184,Q59681235,FC/184/KN
